{
    "Materials": 0.1370205618441105,
    "Industrials": 0.11281645148992539,
    "Health Care": 0.15015453323721883,
    "Real Estate": 0.09261381812393665,
    "Consumer Discretionary": 0.11200050935149193,
    "Financials": 0.11418738588690756,
    "Utilities": 0.08963491357862949,
    "Information Technology": 0.15216990932822225,
    "Energy": 0.35153968781232814,
    "Consumer Staples": 0.08959376588463783,
    "Communication Services": 0.1448378898203373
}