{
    "Materials": {
        "vol_threshold": {
            "low": 0.8721838637381618,
            "high": 1.3675819710791473
        },
        "mae_dynamic_thresholds": {
            "low": 0.3142437070608139,
            "medium": 0.38906504958868016,
            "high": 0.46370733082294463
        }
    },
    "Industrials": {
        "vol_threshold": {
            "low": 0.8271148481134133,
            "high": 1.1939285748614032
        },
        "mae_dynamic_thresholds": {
            "low": 0.32504181414842603,
            "medium": 0.3810427889227866,
            "high": 0.4650428771972656
        }
    },
    "Health Care": {
        "vol_threshold": {
            "low": 1.0330252326930105,
            "high": 1.5209183302002873
        },
        "mae_dynamic_thresholds": {
            "low": 0.13706724867224693,
            "medium": 0.1704820863902569,
            "high": 0.2744054555892944
        }
    },
    "Real Estate": {
        "vol_threshold": {
            "low": 0.7167286686795477,
            "high": 0.9837557315595057
        },
        "mae_dynamic_thresholds": {
            "low": 0.3789853736758232,
            "medium": 0.401191970705986,
            "high": 0.48296136409044266
        }
    },
    "Consumer Discretionary": {
        "vol_threshold": {
            "low": 0.8438497447901601,
            "high": 1.1583618059278578
        },
        "mae_dynamic_thresholds": {
            "low": 0.3904892489314079,
            "medium": 0.41824215203523624,
            "high": 0.5300353169441223
        }
    },
    "Financials": {
        "vol_threshold": {
            "low": 0.8548435384311283,
            "high": 1.244340088946994
        },
        "mae_dynamic_thresholds": {
            "low": 0.532054579257965,
            "medium": 0.617802545428276,
            "high": 0.8396872609853745
        }
    },
    "Utilities": {
        "vol_threshold": {
            "low": 0.7367512348340797,
            "high": 1.0007386471211765
        },
        "mae_dynamic_thresholds": {
            "low": 0.2417564190924167,
            "medium": 0.2913176372647285,
            "high": 0.36548896580934526
        }
    },
    "Information Technology": {
        "vol_threshold": {
            "low": 1.0272435160701177,
            "high": 1.3922118538989268
        },
        "mae_dynamic_thresholds": {
            "low": 0.15596484839916228,
            "medium": 0.22738316133618347,
            "high": 0.2845827922224998
        }
    },
    "Energy": {
        "vol_threshold": {
            "low": 1.6862890588652093,
            "high": 2.4190524869152688
        },
        "mae_dynamic_thresholds": {
            "low": 0.1630665123462677,
            "medium": 0.2445965766906738,
            "high": 0.5678973406553268
        }
    },
    "Consumer Staples": {
        "vol_threshold": {
            "low": 0.7427326278158609,
            "high": 0.9591672543538732
        },
        "mae_dynamic_thresholds": {
            "low": 0.13291796147823334,
            "medium": 0.16484548822045322,
            "high": 0.24612651243805886
        }
    },
    "Communication Services": {
        "vol_threshold": {
            "low": 1.0160448301115739,
            "high": 1.3896489586562735
        },
        "mae_dynamic_thresholds": {
            "low": 0.10966241732239723,
            "medium": 0.14286711439490316,
            "high": 0.25896195471286765
        }
    }
}